{
	"info": {
		"_postman_id": "facb92ec-7e78-4960-81e2-c3cf26ebffc9",
		"name": "QueryBuilder",
		"schema": "https://schema.getpostman.com/json/collection/v2.1.0/collection.json"
	},
	"item": [
		{
			"name": "Segment",
			"item": [
				{
					"name": " insert segment",
					"request": {
						"method": "POST",
						"header": [
							{
								"key": "Accept",
								"value": "application/json",
								"type": "text"
							}
						],
						"body": {
							"mode": "raw",
							"raw": "{\r\n    \"segment_name\" : \"My new Segment\",\r\n    \"segment_table\" : \"subscribers\",\r\n    \"segment_logic\": [\r\n        [\r\n            [ \"created_at\", \"on\",\"10-02-2090\" ],\r\n            [ \"created_at\", \"on or after\",\"10-02-2020\" ],\r\n            [ \"created_at\", \"on\",\"10-02-2021\" ],\r\n            [ \"created_at\", \"on or after\",\"10-02-2000\" ]\r\n        ],\r\n        [\r\n            \"birth_day\", \"on or after\",\"20-10-2020\" \r\n        ],\r\n        [\r\n            \"first_name\", \"starts with\",\"ab\" \r\n        ],\r\n        [\r\n            [ \"first_name\", \"starts with\",\"ab\" ],\r\n            [ \"last_name\", \"contains\",\"ha\" ]\r\n        ],\r\n        [\r\n            [ \"first_name\", \"ends with\",\"ab\" ],\r\n            [ \"last_name\", \"is\",\"ha\" ]\r\n        ]\r\n    ]\r\n}",
							"options": {
								"raw": {
									"language": "json"
								}
							}
						},
						"url": {
							"raw": "http://localhost:8000/api/segment",
							"protocol": "http",
							"host": [
								"localhost"
							],
							"port": "8000",
							"path": [
								"api",
								"segment"
							]
						}
					},
					"response": []
				},
				{
					"name": "view all segments",
					"request": {
						"method": "GET",
						"header": [],
						"url": {
							"raw": "http://localhost:8000/api/segment",
							"protocol": "http",
							"host": [
								"localhost"
							],
							"port": "8000",
							"path": [
								"api",
								"segment"
							]
						}
					},
					"response": []
				}
			]
		},
		{
			"name": "Subscribers",
			"item": [
				{
					"name": "Get Subscribers by SegmentId",
					"request": {
						"method": "GET",
						"header": [],
						"url": {
							"raw": "http://localhost:8000/api/segment/1/subscribers",
							"protocol": "http",
							"host": [
								"localhost"
							],
							"port": "8000",
							"path": [
								"api",
								"segment",
								"1",
								"subscribers"
							]
						}
					},
					"response": []
				}
			]
		}
	]
}